,organic,conventional,GMO
organic,0.4834470748901367,0.43912506103515625,0.4971139132976532
conventional,0.43912506103515625,0.42942512035369873,0.463174968957901
GMO,0.4971139132976532,0.463174968957901,0.588374137878418
